{
    "2": 0.8835688666664888,
    "4": 0.9100436333337711,
    "6": 0.9027072666667664,
    "8": 0.9460250999997394,
    "10": 0.898462633333717,
    "12": 0.9162926333331901
}