{
    "0": 10.843207333332733,
    "2": 3.677487166666348,
    "4": 1.9076046333332972,
    "6": 1.542253766666666,
    "8": 1.2643067333325841,
    "10": 1.0682456666666742
}